{
  "test_read_data": {
    "lengths": [
      1750,
      250,
      500
    ]
  },
  "test_vocab": {
    "length": 7163,
    "tag2id_length": 7,
    "Spongebob": 1
  },
  "test_count_oov": {
    "dev_oov": 638,
    "test_oov": 1368
  },
  "test_prepare_data_loader": {
    "lengths": [
      110,
      16,
      32
    ]
  },
  "test_NERNet": {
    "all": {
      "precision": 0.9689583432783484,
      "recall": 0.9701052631578947,
      "f1": 0.967469026735149
    },
    "except_O": {
      "precision": 0.779587974312417,
      "recall": 0.594272076372315,
      "f1": 0.6525167688398205
    }
  },
  "test_glove": {
    "all": {
      "precision": 0.9359605627721073,
      "recall": 0.9508070175438597,
      "f1": 0.9377219028770051
    },
    "except_O": {
      "precision": 0.5819342431005928,
      "recall": 0.24045346062052506,
      "f1": 0.32055689766678785
    }
  }
}
